{
  "name": "angular-loader",
  "version": "1.5.8",
  "license": "MIT",
  "main": "./angular-loader.js",
  "ignore": [],
  "dependencies": {
    "angular": "1.5.8"
  },
  "homepage": "https://github.com/angular/bower-angular-loader",
  "_release": "1.5.8",
  "_resolution": {
    "type": "version",
    "tag": "v1.5.8",
    "commit": "449fb22114bf6b383686badc4cbbad27fcc6a211"
  },
  "_source": "https://github.com/angular/bower-angular-loader.git",
  "_target": "1.5.8",
  "_originalSource": "angular-loader"
}